volume_id,comparator,label,family,delta_top_risk_auprc,mae_reduction,delta_spearman
file_brain_AXT2_200_2000080,reliability_full,Full CNN,full_cnn,0.0017340220902875014,-0.00023045400185520148,0.03678456859586399
file_brain_AXT2_200_2000175,reliability_full,Full CNN,full_cnn,-0.020438749795452793,-0.007366124298419208,0.018196380131164758
file_brain_AXT2_200_2000360,reliability_full,Full CNN,full_cnn,-0.026850892166045415,0.0018758976394755988,0.011404200375368823
file_brain_AXT2_200_2000362,reliability_full,Full CNN,full_cnn,-0.0073385319225756085,0.0032704208689290915,0.011778187113896776
file_brain_AXT2_200_6001972,reliability_full,Full CNN,full_cnn,0.018867078039172203,0.003967712728412592,0.01609635361693429
file_brain_AXT2_200_6002111,reliability_full,Full CNN,full_cnn,0.002747159623239459,0.002275778156950195,0.012650793830149443
file_brain_AXT2_200_6002151,reliability_full,Full CNN,full_cnn,-0.008102683245717168,-0.00011184787632689819,0.029073997726767664
file_brain_AXT2_200_6002242,reliability_full,Full CNN,full_cnn,0.017480211048591765,0.005950571554472803,-0.001074380397533381
file_brain_AXT2_200_6002524,reliability_full,Full CNN,full_cnn,0.004576326058688407,0.0017916661362720049,0.02512925632353502
file_brain_AXT2_201_2010625,reliability_full,Full CNN,full_cnn,0.005582753625486214,0.0034638136667356906,0.011028173743319325
file_brain_AXT2_202_2020189,reliability_full,Full CNN,full_cnn,0.011797709079203633,0.004767602974862201,0.003531910198968591
file_brain_AXT2_203_2030254,reliability_full,Full CNN,full_cnn,-0.0013245473472798253,-0.003036551630390405,0.008220043427764168
file_brain_AXT2_203_2030256,reliability_full,Full CNN,full_cnn,0.018460330872693942,0.0013486491556216063,0.012109279243297966
file_brain_AXT2_203_2030354,reliability_full,Full CNN,full_cnn,-0.0034955848899466124,-0.004301945525016504,0.014201673357676192
file_brain_AXT2_205_6000022,reliability_full,Full CNN,full_cnn,0.004323154775090821,-0.004547057234973395,0.006954337073807992
file_brain_AXT2_207_2070039,reliability_full,Full CNN,full_cnn,0.006759032824115385,0.007066511503834791,0.009466751092204184
file_brain_AXT2_207_2070054,reliability_full,Full CNN,full_cnn,-0.011788046503179439,0.005012966799835192,0.02111423215153041
file_brain_AXT2_207_2070194,reliability_full,Full CNN,full_cnn,-0.0008637872916430478,0.0016019452176782994,0.02167071402067322
file_brain_AXT2_207_2070208,reliability_full,Full CNN,full_cnn,0.006641560391694168,0.003497853401939005,0.01774149949601045
file_brain_AXT2_207_2070280,reliability_full,Full CNN,full_cnn,-0.010636219368356792,-0.0014419404926910018,0.008495335631287793
file_brain_AXT2_207_2070352,reliability_full,Full CNN,full_cnn,0.004011923645198423,0.003950193353064596,0.0073942981792249896
file_brain_AXT2_207_2070417,reliability_full,Full CNN,full_cnn,-0.01573934631885876,0.004421755093354601,0.010166642963204464
file_brain_AXT2_207_2070770,reliability_full,Full CNN,full_cnn,-0.005120824609822772,0.002524052951181993,0.024696336882462977
file_brain_AXT2_207_2070777,reliability_full,Full CNN,full_cnn,-0.01170837157493021,0.0017694701323743012,0.0049273662984969935
file_brain_AXT2_207_2070822,reliability_full,Full CNN,full_cnn,-0.027548663561465125,0.003553953207360294,0.006986457221933584
file_brain_AXT2_208_2080013,reliability_full,Full CNN,full_cnn,0.017351202645984,0.004676369169443098,0.013251123557326827
file_brain_AXT2_208_2080126,reliability_full,Full CNN,full_cnn,0.007434060033590817,0.002365816160113901,0.0055459286445838085
file_brain_AXT2_208_2080585,reliability_full,Full CNN,full_cnn,0.002687576046660589,0.0035016232807362074,0.02552550271782561
file_brain_AXT2_208_2080611,reliability_full,Full CNN,full_cnn,0.0008768806781581651,0.0015837176522848079,0.0193054702008717
file_brain_AXT2_209_6001384,reliability_full,Full CNN,full_cnn,0.005379424112291975,0.003412756560319599,-2.42298453467793e-06
file_brain_AXT2_209_6001459,reliability_full,Full CNN,full_cnn,0.010571992890324733,-0.0018979364251223013,0.0037044327796895704
file_brain_AXT2_210_2100135,reliability_full,Full CNN,full_cnn,0.003935626825876226,0.0004985084843137921,0.037637194411618946
file_brain_AXT2_210_2100276,reliability_full,Full CNN,full_cnn,-0.015493826908700492,0.004602789347466191,0.03292083080737762
file_brain_AXT2_210_2100288,reliability_full,Full CNN,full_cnn,-0.0006017579097276071,0.00694476071606541,0.010770998748196203
file_brain_AXT2_210_2100306,reliability_full,Full CNN,full_cnn,0.014683544012031535,0.006145066739928387,0.021459300906580214
file_brain_AXT2_210_2100368,reliability_full,Full CNN,full_cnn,0.011310416724416128,0.00543505611380031,0.015571113832440808
file_brain_AXT2_210_6001524,reliability_full,Full CNN,full_cnn,0.010014805247180347,0.008396494598418194,0.021363784827667764
file_brain_AXT2_210_6001651,reliability_full,Full CNN,full_cnn,0.01813772767414157,0.0068197480323334,0.026867945106044067
file_brain_AXT2_210_6001906,reliability_full,Full CNN,full_cnn,0.01952135763338858,0.00903505635097629,0.01341252313824437
file_brain_AXT2_210_6001941,reliability_full,Full CNN,full_cnn,0.00041613371760107487,0.004336252809831895,0.01156390415896591
file_brain_AXT2_200_2000080,direct_lambda_risk,"Direct
risk-target",direct,0.05281360868546969,0.017889605327208895,-0.009546496404848837
file_brain_AXT2_200_2000175,direct_lambda_risk,"Direct
risk-target",direct,0.029701198462324996,0.017840946045121597,-0.004873098200241177
file_brain_AXT2_200_2000360,direct_lambda_risk,"Direct
risk-target",direct,0.0622479210973611,0.004600250000084405,-0.01898642676553719
file_brain_AXT2_200_2000362,direct_lambda_risk,"Direct
risk-target",direct,0.011263641744924668,-0.010209435152280608,-0.012809251556580414
file_brain_AXT2_200_6001972,direct_lambda_risk,"Direct
risk-target",direct,-0.10446497727711201,-0.02660299659197729,-0.02248543085653676
file_brain_AXT2_200_6002111,direct_lambda_risk,"Direct
risk-target",direct,-0.06071017690348335,-0.0218375664076612,-0.00909704782042342
file_brain_AXT2_200_6002151,direct_lambda_risk,"Direct
risk-target",direct,0.03604909606285078,0.003822370399209199,-0.002559111934813507
file_brain_AXT2_200_6002242,direct_lambda_risk,"Direct
risk-target",direct,0.04236372241945663,0.01770189482975701,-0.023002194155419375
file_brain_AXT2_200_6002524,direct_lambda_risk,"Direct
risk-target",direct,0.08457495640625501,0.0185392553071623,-0.01167887852793581
file_brain_AXT2_201_2010625,direct_lambda_risk,"Direct
risk-target",direct,0.09370007618852627,0.01908049130200759,0.0019701036981607523
file_brain_AXT2_202_2020189,direct_lambda_risk,"Direct
risk-target",direct,0.04750454086390865,0.008940917895227302,0.0027863586483596325
file_brain_AXT2_203_2030254,direct_lambda_risk,"Direct
risk-target",direct,0.05707000955759545,0.0034140916530246007,-0.010916846212343012
file_brain_AXT2_203_2030256,direct_lambda_risk,"Direct
risk-target",direct,0.10770203730026007,0.0222672761624077,-0.006277356742102613
file_brain_AXT2_203_2030354,direct_lambda_risk,"Direct
risk-target",direct,0.026104975866854563,0.01582217468953019,-0.004173814213182636
file_brain_AXT2_205_6000022,direct_lambda_risk,"Direct
risk-target",direct,0.060899767223036916,0.0355566251982492,0.005357302169856748
file_brain_AXT2_207_2070039,direct_lambda_risk,"Direct
risk-target",direct,0.11438227973227766,0.012372873265993692,-0.007682762010575828
file_brain_AXT2_207_2070054,direct_lambda_risk,"Direct
risk-target",direct,0.03532833451009765,0.011332347559384795,-0.0006376773115903678
file_brain_AXT2_207_2070194,direct_lambda_risk,"Direct
risk-target",direct,0.005616899585340951,0.0004961050406029066,-0.010291577625758719
file_brain_AXT2_207_2070208,direct_lambda_risk,"Direct
risk-target",direct,0.0715974419908757,0.01987303741346151,-0.003741960217683582
file_brain_AXT2_207_2070280,direct_lambda_risk,"Direct
risk-target",direct,0.08022887049159222,0.01831277660868709,-0.003334141440141991
file_brain_AXT2_207_2070352,direct_lambda_risk,"Direct
risk-target",direct,0.1178593759786708,0.019062342222243192,0.020238443368467363
file_brain_AXT2_207_2070417,direct_lambda_risk,"Direct
risk-target",direct,0.128772495360722,0.01754653778341081,0.0025849754320885765
file_brain_AXT2_207_2070770,direct_lambda_risk,"Direct
risk-target",direct,0.11342857520865046,0.03043534052478379,0.004042713867304815
file_brain_AXT2_207_2070777,direct_lambda_risk,"Direct
risk-target",direct,0.07745227747723826,0.021145002060650092,0.002760001350221364
file_brain_AXT2_207_2070822,direct_lambda_risk,"Direct
risk-target",direct,0.09679218367176257,0.0207291677302823,-0.0009265953669975735
file_brain_AXT2_208_2080013,direct_lambda_risk,"Direct
risk-target",direct,0.10224363374314871,0.005978907727422503,-0.011017457453249557
file_brain_AXT2_208_2080126,direct_lambda_risk,"Direct
risk-target",direct,0.004353019033991878,0.018848151106019395,-0.004240090626042026
file_brain_AXT2_208_2080585,direct_lambda_risk,"Direct
risk-target",direct,0.02125183338414538,-0.0078016181181981975,-0.0032516244184983556
file_brain_AXT2_208_2080611,direct_lambda_risk,"Direct
risk-target",direct,0.039985579852105047,0.011141155432025304,-0.0046855969526801156
file_brain_AXT2_209_6001384,direct_lambda_risk,"Direct
risk-target",direct,0.10649975206241269,0.028468878977367898,0.004029501188138718
file_brain_AXT2_209_6001459,direct_lambda_risk,"Direct
risk-target",direct,0.05549829689771846,0.004234572644649909,-0.008453437145869436
file_brain_AXT2_210_2100135,direct_lambda_risk,"Direct
risk-target",direct,0.12805331984509205,0.036731110103184195,0.010364559133022366
file_brain_AXT2_210_2100276,direct_lambda_risk,"Direct
risk-target",direct,0.10972060134368378,0.01877987300699889,0.011990038545330317
file_brain_AXT2_210_2100288,direct_lambda_risk,"Direct
risk-target",direct,0.07174213494888082,0.013060612303340213,-0.010459930620047242
file_brain_AXT2_210_2100306,direct_lambda_risk,"Direct
risk-target",direct,0.06466547875257211,0.007219130834688989,-0.007338845258727189
file_brain_AXT2_210_2100368,direct_lambda_risk,"Direct
risk-target",direct,0.02132746447396061,0.00956985331311,-0.017278906106625747
file_brain_AXT2_210_6001524,direct_lambda_risk,"Direct
risk-target",direct,0.01406260218299038,0.014156406036764699,-0.007751529247079558
file_brain_AXT2_210_6001651,direct_lambda_risk,"Direct
risk-target",direct,0.05242188081975108,0.011852763139766104,-0.010746615389504832
file_brain_AXT2_210_6001906,direct_lambda_risk,"Direct
risk-target",direct,0.016838463910454182,0.009998055244336695,-0.006937487754029359
file_brain_AXT2_210_6001941,direct_lambda_risk,"Direct
risk-target",direct,0.025101662857620943,-0.002252647376298905,-0.00375894700751922
file_brain_AXT2_200_2000080,direct_lambda_risk_raw,"Direct raw
residual",direct,0.09392211928863703,0.3131825359922365,0.022600770527848035
file_brain_AXT2_200_2000175,direct_lambda_risk_raw,"Direct raw
residual",direct,0.016084460886888974,0.35392882326085373,0.0015413426817522113
file_brain_AXT2_200_2000360,direct_lambda_risk_raw,"Direct raw
residual",direct,0.00942941123124863,0.3269456372214882,-0.0063657916592847474
file_brain_AXT2_200_2000362,direct_lambda_risk_raw,"Direct raw
residual",direct,0.005637785827722563,0.3599277642331642,0.005159075760993614
file_brain_AXT2_200_6001972,direct_lambda_risk_raw,"Direct raw
residual",direct,0.02595068613331264,0.2767291827426438,0.0377825079090951
file_brain_AXT2_200_6002111,direct_lambda_risk_raw,"Direct raw
residual",direct,-0.008420740456014153,0.27000535339599163,0.00634399523662077
file_brain_AXT2_200_6002151,direct_lambda_risk_raw,"Direct raw
residual",direct,0.07673132437701113,0.36432897050232294,0.009142073234419845
file_brain_AXT2_200_6002242,direct_lambda_risk_raw,"Direct raw
residual",direct,0.13948059025247772,0.34407347621265083,0.027494998379287816
file_brain_AXT2_200_6002524,direct_lambda_risk_raw,"Direct raw
residual",direct,0.1598169527926867,0.2921577556940542,0.02366444686236202
file_brain_AXT2_201_2010625,direct_lambda_risk_raw,"Direct raw
residual",direct,0.051508854273566884,0.4397751060385832,0.005727889101702743
file_brain_AXT2_202_2020189,direct_lambda_risk_raw,"Direct raw
residual",direct,0.08564969300463532,0.3146830047822924,0.04009424573189535
file_brain_AXT2_203_2030254,direct_lambda_risk_raw,"Direct raw
residual",direct,0.1263318361155511,0.3361001973061986,-0.00217935782480716
file_brain_AXT2_203_2030256,direct_lambda_risk_raw,"Direct raw
residual",direct,0.16352063919817095,0.31825366590210336,0.011263087265864002
file_brain_AXT2_203_2030354,direct_lambda_risk_raw,"Direct raw
residual",direct,0.08207807052055782,0.32277095684969287,0.017937822793567815
file_brain_AXT2_205_6000022,direct_lambda_risk_raw,"Direct raw
residual",direct,0.09897868084589012,0.3325179230377979,0.02387275434521774
file_brain_AXT2_207_2070039,direct_lambda_risk_raw,"Direct raw
residual",direct,0.08416649999261028,0.3846195390089643,0.024031201009556247
file_brain_AXT2_207_2070054,direct_lambda_risk_raw,"Direct raw
residual",direct,0.073022640749136,0.3161993659815604,0.025573026197833415
file_brain_AXT2_207_2070194,direct_lambda_risk_raw,"Direct raw
residual",direct,0.07800603258457062,0.3490803362228112,0.010911051730065235
file_brain_AXT2_207_2070208,direct_lambda_risk_raw,"Direct raw
residual",direct,0.21517310573080195,0.3474696609124027,0.05723504138956126
file_brain_AXT2_207_2070280,direct_lambda_risk_raw,"Direct raw
residual",direct,0.17535699787170922,0.3448576297938348,0.04097431828755682
file_brain_AXT2_207_2070352,direct_lambda_risk_raw,"Direct raw
residual",direct,0.14081356397645028,0.4422346776796092,0.02808515725244054
file_brain_AXT2_207_2070417,direct_lambda_risk_raw,"Direct raw
residual",direct,0.06025669816592161,0.5569231296360976,0.022148012807467587
file_brain_AXT2_207_2070770,direct_lambda_risk_raw,"Direct raw
residual",direct,0.18549527121084497,0.35004865094124116,0.01780960129053799
file_brain_AXT2_207_2070777,direct_lambda_risk_raw,"Direct raw
residual",direct,0.07925332612603919,0.42252656927227955,0.010418779836937175
file_brain_AXT2_207_2070822,direct_lambda_risk_raw,"Direct raw
residual",direct,0.07967779896066918,0.5554958074287288,0.016617352713748423
file_brain_AXT2_208_2080013,direct_lambda_risk_raw,"Direct raw
residual",direct,0.19099465171242236,0.3909892407894639,0.010599957142249816
file_brain_AXT2_208_2080126,direct_lambda_risk_raw,"Direct raw
residual",direct,0.0459098780415379,0.42190014774259676,0.002169913907138832
file_brain_AXT2_208_2080585,direct_lambda_risk_raw,"Direct raw
residual",direct,0.15546549377114172,0.3556201657451678,0.07480767379719566
file_brain_AXT2_208_2080611,direct_lambda_risk_raw,"Direct raw
residual",direct,0.09229006248612703,0.3916056887651291,0.01795584396465466
file_brain_AXT2_209_6001384,direct_lambda_risk_raw,"Direct raw
residual",direct,0.18853068843659693,0.3192913975331781,0.03703257622623313
file_brain_AXT2_209_6001459,direct_lambda_risk_raw,"Direct raw
residual",direct,0.1135021033494158,0.3306869133776559,0.01580629825465385
file_brain_AXT2_210_2100135,direct_lambda_risk_raw,"Direct raw
residual",direct,0.2018540858891661,0.3214332628188086,0.03865752187375815
file_brain_AXT2_210_2100276,direct_lambda_risk_raw,"Direct raw
residual",direct,0.2628834338198309,0.3630895589979314,0.013422339579583942
file_brain_AXT2_210_2100288,direct_lambda_risk_raw,"Direct raw
residual",direct,0.08956851287351608,0.4095557317095121,-0.0014454141210680227
file_brain_AXT2_210_2100306,direct_lambda_risk_raw,"Direct raw
residual",direct,0.1327158222981164,0.3150766027937318,0.012427992174467883
file_brain_AXT2_210_2100368,direct_lambda_risk_raw,"Direct raw
residual",direct,0.06916261163260018,0.2967022248985442,-0.0053199091910896
file_brain_AXT2_210_6001524,direct_lambda_risk_raw,"Direct raw
residual",direct,0.04207673045748095,0.2933513551331186,0.0017396831943460311
file_brain_AXT2_210_6001651,direct_lambda_risk_raw,"Direct raw
residual",direct,0.1683763978197511,0.2828042779194412,0.018306410401237816
file_brain_AXT2_210_6001906,direct_lambda_risk_raw,"Direct raw
residual",direct,0.09058959892224716,0.3059557734654011,0.02294396823390643
file_brain_AXT2_210_6001941,direct_lambda_risk_raw,"Direct raw
residual",direct,0.015638899202543577,0.3752836787175794,-0.0005956786086018795
file_brain_AXT2_200_2000080,psf_gain_channel,"Gain
envelope",deterministic,0.17835684788894068,0.14320543264910748,0.06559635663459262
file_brain_AXT2_200_2000175,psf_gain_channel,"Gain
envelope",deterministic,0.18557575611487998,0.1689370086279733,0.023528823196116933
file_brain_AXT2_200_2000360,psf_gain_channel,"Gain
envelope",deterministic,0.39009244352093453,0.158528841628783,0.02428960528837043
file_brain_AXT2_200_2000362,psf_gain_channel,"Gain
envelope",deterministic,0.3801171318711474,0.1782030032579871,0.023632864837163203
file_brain_AXT2_200_6001972,psf_gain_channel,"Gain
envelope",deterministic,0.16378433186289454,0.08947870483163639,0.029005131694475272
file_brain_AXT2_200_6002111,psf_gain_channel,"Gain
envelope",deterministic,0.29537824721792627,0.1091316884964548,0.01463541954094516
file_brain_AXT2_200_6002151,psf_gain_channel,"Gain
envelope",deterministic,0.2055471033587859,0.1740459437816631,0.04323193827819283
file_brain_AXT2_200_6002242,psf_gain_channel,"Gain
envelope",deterministic,0.2508490640497696,0.1581854391562641,0.028066931590137845
file_brain_AXT2_200_6002524,psf_gain_channel,"Gain
envelope",deterministic,0.22561999811272093,0.1189351107939573,0.025282775334427243
file_brain_AXT2_201_2010625,psf_gain_channel,"Gain
envelope",deterministic,0.36824288914838826,0.2088810633124129,0.021701069826246755
file_brain_AXT2_202_2020189,psf_gain_channel,"Gain
envelope",deterministic,0.24413041616335807,0.1562758838116629,0.03260874936380942
file_brain_AXT2_203_2030254,psf_gain_channel,"Gain
envelope",deterministic,0.21969817383908452,0.1480445422481976,0.01129523693360357
file_brain_AXT2_203_2030256,psf_gain_channel,"Gain
envelope",deterministic,0.289203928157194,0.1330427349020392,0.020255613148920437
file_brain_AXT2_203_2030354,psf_gain_channel,"Gain
envelope",deterministic,0.21328931551474484,0.1293564942596016,0.02479355973138142
file_brain_AXT2_205_6000022,psf_gain_channel,"Gain
envelope",deterministic,0.18084365579324457,0.1318434001666299,0.01172655178527815
file_brain_AXT2_207_2070039,psf_gain_channel,"Gain
envelope",deterministic,0.5274428499268652,0.1782777153007923,0.04198683583356799
file_brain_AXT2_207_2070054,psf_gain_channel,"Gain
envelope",deterministic,0.42750465132075915,0.1414639997273173,0.04489279556114678
file_brain_AXT2_207_2070194,psf_gain_channel,"Gain
envelope",deterministic,0.33049659301309664,0.1599855822431939,0.020702295655523617
file_brain_AXT2_207_2070208,psf_gain_channel,"Gain
envelope",deterministic,0.26254001962692664,0.1610173176426602,0.05807763653555287
file_brain_AXT2_207_2070280,psf_gain_channel,"Gain
envelope",deterministic,0.2697909430424542,0.1577351773195718,0.03699754837651559
file_brain_AXT2_207_2070352,psf_gain_channel,"Gain
envelope",deterministic,0.2836287490502961,0.221861335370649,0.0391498591399807
file_brain_AXT2_207_2070417,psf_gain_channel,"Gain
envelope",deterministic,0.32482530901250484,0.2900665250355211,0.034133144025699225
file_brain_AXT2_207_2070770,psf_gain_channel,"Gain
envelope",deterministic,0.22829763403702064,0.15069492055253308,0.06424200360952204
file_brain_AXT2_207_2070777,psf_gain_channel,"Gain
envelope",deterministic,0.4120831871550997,0.206413298092472,0.018838208331003137
file_brain_AXT2_207_2070822,psf_gain_channel,"Gain
envelope",deterministic,0.36942705979909185,0.280347300420333,0.0270739784826608
file_brain_AXT2_208_2080013,psf_gain_channel,"Gain
envelope",deterministic,0.2948715041197072,0.1728392733594839,0.04697293005634606
file_brain_AXT2_208_2080126,psf_gain_channel,"Gain
envelope",deterministic,0.24011880045872958,0.2039196976744426,0.005994503534502371
file_brain_AXT2_208_2080585,psf_gain_channel,"Gain
envelope",deterministic,0.2485483770140956,0.16266314106664032,0.0758193030104668
file_brain_AXT2_208_2080611,psf_gain_channel,"Gain
envelope",deterministic,0.5004982733175396,0.1887019756371413,0.030469554187991466
file_brain_AXT2_209_6001384,psf_gain_channel,"Gain
envelope",deterministic,0.2373285728560679,0.14254490822868288,0.015514590499387526
file_brain_AXT2_209_6001459,psf_gain_channel,"Gain
envelope",deterministic,0.2655458301467962,0.13404159505161461,0.019834413584619015
file_brain_AXT2_210_2100135,psf_gain_channel,"Gain
envelope",deterministic,0.211398146862939,0.1390025956495304,0.05793537498610013
file_brain_AXT2_210_2100276,psf_gain_channel,"Gain
envelope",deterministic,0.40584083015075856,0.179432367943534,0.02773863752408634
file_brain_AXT2_210_2100288,psf_gain_channel,"Gain
envelope",deterministic,0.3816761075194591,0.2025602501641458,0.016762289531870755
file_brain_AXT2_210_2100306,psf_gain_channel,"Gain
envelope",deterministic,0.25266864855705107,0.15567112396700458,0.022309279828259587
file_brain_AXT2_210_2100368,psf_gain_channel,"Gain
envelope",deterministic,0.12800294747758656,0.1329611660263305,0.01348949104600139
file_brain_AXT2_210_6001524,psf_gain_channel,"Gain
envelope",deterministic,0.27628004684352336,0.1373949710036546,0.016503525816988773
file_brain_AXT2_210_6001651,psf_gain_channel,"Gain
envelope",deterministic,0.25871191812971917,0.12064911343742889,0.023803351337701062
file_brain_AXT2_210_6001906,psf_gain_channel,"Gain
envelope",deterministic,0.2299906975250563,0.14451218423553597,0.026002461159625567
file_brain_AXT2_210_6001941,psf_gain_channel,"Gain
envelope",deterministic,0.38142964313388683,0.1967356247017838,0.019496178291900756
file_brain_AXT2_200_2000080,xhat_magnitude,"Reconstruction
magnitude",deterministic,0.17932270128385397,0.2226835573550366,0.062170165338354844
file_brain_AXT2_200_2000175,xhat_magnitude,"Reconstruction
magnitude",deterministic,0.11374576753191212,0.26403990413350675,0.049757237999395576
file_brain_AXT2_200_2000360,xhat_magnitude,"Reconstruction
magnitude",deterministic,0.3527128673967419,0.2444068032802596,0.06196587419408506
file_brain_AXT2_200_2000362,xhat_magnitude,"Reconstruction
magnitude",deterministic,0.2834244480966164,0.2706748020116367,0.03731327888036917
file_brain_AXT2_200_6001972,xhat_magnitude,"Reconstruction
magnitude",deterministic,0.228351656004479,0.19155275041768688,0.06372212423565393
file_brain_AXT2_200_6002111,xhat_magnitude,"Reconstruction
magnitude",deterministic,0.23820919262241336,0.19407262160455538,0.05437316209270804
file_brain_AXT2_200_6002151,xhat_magnitude,"Reconstruction
magnitude",deterministic,0.17844101906341536,0.2768710327268057,0.06180246919098664
file_brain_AXT2_200_6002242,xhat_magnitude,"Reconstruction
magnitude",deterministic,0.24303911116332444,0.26345651231091816,0.0984129953174071
file_brain_AXT2_200_6002524,xhat_magnitude,"Reconstruction
magnitude",deterministic,0.24276236352147262,0.2070825574619748,0.06296280970615797
file_brain_AXT2_201_2010625,xhat_magnitude,"Reconstruction
magnitude",deterministic,0.36315448276920226,0.33990161262974,0.04872875380875874
file_brain_AXT2_202_2020189,xhat_magnitude,"Reconstruction
magnitude",deterministic,0.20997772993128927,0.2339250777066759,0.15542134051694945
file_brain_AXT2_203_2030254,xhat_magnitude,"Reconstruction
magnitude",deterministic,0.17498836313040944,0.2301416972092452,0.031676148199273
file_brain_AXT2_203_2030256,xhat_magnitude,"Reconstruction
magnitude",deterministic,0.23656353704381783,0.21189940433979418,0.042395620488648755
file_brain_AXT2_203_2030354,xhat_magnitude,"Reconstruction
magnitude",deterministic,0.17099937644139385,0.220017594606153,0.05535260544750775
file_brain_AXT2_205_6000022,xhat_magnitude,"Reconstruction
magnitude",deterministic,0.15065246987118264,0.22257870612067518,0.11798371454412271
file_brain_AXT2_207_2070039,xhat_magnitude,"Reconstruction
magnitude",deterministic,0.5008473327259289,0.28166377789335495,0.07343710917284185
file_brain_AXT2_207_2070054,xhat_magnitude,"Reconstruction
magnitude",deterministic,0.327731436186388,0.22479495847836578,0.06619327801361341
file_brain_AXT2_207_2070194,xhat_magnitude,"Reconstruction
magnitude",deterministic,0.27768982921957797,0.255666599804413,0.0670713816409918
file_brain_AXT2_207_2070208,xhat_magnitude,"Reconstruction
magnitude",deterministic,0.26043291312338945,0.25522008328735546,0.12568701381878622
file_brain_AXT2_207_2070280,xhat_magnitude,"Reconstruction
magnitude",deterministic,0.24554299197972118,0.24950496951458118,0.10110354470471872
file_brain_AXT2_207_2070352,xhat_magnitude,"Reconstruction
magnitude",deterministic,0.2344259104255031,0.3106361513147834,0.12414707271577585
file_brain_AXT2_207_2070417,xhat_magnitude,"Reconstruction
magnitude",deterministic,0.30970280754295854,0.4252604550548618,0.1331819949477917
file_brain_AXT2_207_2070770,xhat_magnitude,"Reconstruction
magnitude",deterministic,0.2149646293336488,0.2421113784869619,0.07283224923473197
file_brain_AXT2_207_2070777,xhat_magnitude,"Reconstruction
magnitude",deterministic,0.3442467709062559,0.3143431011633462,0.06513849209782419
file_brain_AXT2_207_2070822,xhat_magnitude,"Reconstruction
magnitude",deterministic,0.31746583345241947,0.42663575425628336,0.06242069038110143
file_brain_AXT2_208_2080013,xhat_magnitude,"Reconstruction
magnitude",deterministic,0.2540578090705262,0.2651865468425123,0.08419925511993342
file_brain_AXT2_208_2080126,xhat_magnitude,"Reconstruction
magnitude",deterministic,0.201973926271112,0.31207255854780325,0.040779676663899256
file_brain_AXT2_208_2080585,xhat_magnitude,"Reconstruction
magnitude",deterministic,0.24077044904838507,0.2574220576203413,0.13131503190828697
file_brain_AXT2_208_2080611,xhat_magnitude,"Reconstruction
magnitude",deterministic,0.44157761915404453,0.2972054256773302,0.06189079871469583
file_brain_AXT2_209_6001384,xhat_magnitude,"Reconstruction
magnitude",deterministic,0.24743315805147204,0.2287404329606031,0.0935082198275683
file_brain_AXT2_209_6001459,xhat_magnitude,"Reconstruction
magnitude",deterministic,0.1687223651830373,0.22740324557652658,0.07465390747197853
file_brain_AXT2_210_2100135,xhat_magnitude,"Reconstruction
magnitude",deterministic,0.20316129151560636,0.2276764908235276,0.0938965966273565
file_brain_AXT2_210_2100276,xhat_magnitude,"Reconstruction
magnitude",deterministic,0.36107541753886996,0.2887260702912474,0.06198871476198653
file_brain_AXT2_210_2100288,xhat_magnitude,"Reconstruction
magnitude",deterministic,0.3784001079626988,0.3202200100228708,0.051457066537226814
file_brain_AXT2_210_2100306,xhat_magnitude,"Reconstruction
magnitude",deterministic,0.2134616236209742,0.2384957293845043,0.05725330795438566
file_brain_AXT2_210_2100368,xhat_magnitude,"Reconstruction
magnitude",deterministic,0.13565017722536388,0.2166339542346628,0.023275634166412207
file_brain_AXT2_210_6001524,xhat_magnitude,"Reconstruction
magnitude",deterministic,0.2658870069763316,0.21954317332480472,0.0598543158420084
file_brain_AXT2_210_6001651,xhat_magnitude,"Reconstruction
magnitude",deterministic,0.24652754723839954,0.20193544363229987,0.04736699901574204
file_brain_AXT2_210_6001906,xhat_magnitude,"Reconstruction
magnitude",deterministic,0.18272696538614075,0.2284769944219801,0.06386104246060342
file_brain_AXT2_210_6001941,xhat_magnitude,"Reconstruction
magnitude",deterministic,0.3722002151051734,0.2906589387956834,0.04773005019089316
file_brain_AXT2_200_2000080,image_gradient,"Image
gradient",deterministic,0.1841386415375741,0.3000389865627589,0.1713552742922585
file_brain_AXT2_200_2000175,image_gradient,"Image
gradient",deterministic,0.15690912107428234,0.33937652523530315,0.16682930569323096
file_brain_AXT2_200_2000360,image_gradient,"Image
gradient",deterministic,0.22648883625035032,0.3089402783117331,0.16120858651669467
file_brain_AXT2_200_2000362,image_gradient,"Image
gradient",deterministic,0.20493300989825414,0.33709223062677257,0.14541271708328207
file_brain_AXT2_200_6001972,image_gradient,"Image
gradient",deterministic,0.2959695720528644,0.2641392638642971,0.20250634678817403
file_brain_AXT2_200_6002111,image_gradient,"Image
gradient",deterministic,0.2785083227455952,0.25493386174186505,0.17126157377241213
file_brain_AXT2_200_6002151,image_gradient,"Image
gradient",deterministic,0.24264059772253166,0.34920515645415984,0.1671822653270757
file_brain_AXT2_200_6002242,image_gradient,"Image
gradient",deterministic,0.2636847392801258,0.3311242468832608,0.21749182763004526
file_brain_AXT2_200_6002524,image_gradient,"Image
gradient",deterministic,0.27221948180941463,0.2771591826268842,0.1947932550823539
file_brain_AXT2_201_2010625,image_gradient,"Image
gradient",deterministic,0.2897367127422811,0.4187870675995989,0.14474339693985872
file_brain_AXT2_202_2020189,image_gradient,"Image
gradient",deterministic,0.23571968647093233,0.2998875386418871,0.2586795303261965
file_brain_AXT2_203_2030254,image_gradient,"Image
gradient",deterministic,0.24986523200610322,0.3215858049836653,0.13975832382856346
file_brain_AXT2_203_2030256,image_gradient,"Image
gradient",deterministic,0.30148683732776893,0.3043836972916235,0.15392780549750829
file_brain_AXT2_203_2030354,image_gradient,"Image
gradient",deterministic,0.24365315241719043,0.3086190313515669,0.1457035529523666
file_brain_AXT2_205_6000022,image_gradient,"Image
gradient",deterministic,0.22147307951577977,0.31692256408723907,0.23241703309772255
file_brain_AXT2_207_2070039,image_gradient,"Image
gradient",deterministic,0.3775152827794078,0.3641604343398259,0.14892099520753277
file_brain_AXT2_207_2070054,image_gradient,"Image
gradient",deterministic,0.18190666901659613,0.2907058224719502,0.16182141743147105
file_brain_AXT2_207_2070194,image_gradient,"Image
gradient",deterministic,0.3193454928833509,0.33252535035764785,0.184690823483886
file_brain_AXT2_207_2070208,image_gradient,"Image
gradient",deterministic,0.3219755978396187,0.3288470263317306,0.1970576130338848
file_brain_AXT2_207_2070280,image_gradient,"Image
gradient",deterministic,0.27998302025627153,0.3282373766332806,0.21516930071652673
file_brain_AXT2_207_2070352,image_gradient,"Image
gradient",deterministic,0.2843406240695322,0.42232787047835085,0.21631496254383487
file_brain_AXT2_207_2070417,image_gradient,"Image
gradient",deterministic,0.2040286536471284,0.5198492561346723,0.17000732594161672
file_brain_AXT2_207_2070770,image_gradient,"Image
gradient",deterministic,0.2879136452017289,0.33479403937918767,0.19694487153788587
file_brain_AXT2_207_2070777,image_gradient,"Image
gradient",deterministic,0.1934325148378978,0.39306296860557516,0.15271023271597328
file_brain_AXT2_207_2070822,image_gradient,"Image
gradient",deterministic,0.19725167234141017,0.521297429969829,0.1273643716670152
file_brain_AXT2_208_2080013,image_gradient,"Image
gradient",deterministic,0.2969309157526637,0.3724901722992863,0.19616536123707018
file_brain_AXT2_208_2080126,image_gradient,"Image
gradient",deterministic,0.29715255872486535,0.4051933995226268,0.14683456655176008
file_brain_AXT2_208_2080585,image_gradient,"Image
gradient",deterministic,0.34363842099250175,0.33913402613355764,0.21327347473752256
file_brain_AXT2_208_2080611,image_gradient,"Image
gradient",deterministic,0.3407932963202367,0.373108003703918,0.1291150651088392
file_brain_AXT2_209_6001384,image_gradient,"Image
gradient",deterministic,0.2959825943335418,0.3067023095710568,0.24032368838605922
file_brain_AXT2_209_6001459,image_gradient,"Image
gradient",deterministic,0.2651178189450035,0.3157883872498924,0.18784018248403977
file_brain_AXT2_210_2100135,image_gradient,"Image
gradient",deterministic,0.2584333365946082,0.3081000655939139,0.22253678036612645
file_brain_AXT2_210_2100276,image_gradient,"Image
gradient",deterministic,0.35379226556935606,0.3478700407337802,0.16936751376652603
file_brain_AXT2_210_2100288,image_gradient,"Image
gradient",deterministic,0.3010278537575365,0.3929649313531809,0.14371086020106816
file_brain_AXT2_210_2100306,image_gradient,"Image
gradient",deterministic,0.26199674609051504,0.3015429926774405,0.17174143364703431
file_brain_AXT2_210_2100368,image_gradient,"Image
gradient",deterministic,0.18085220746232789,0.284056844549546,0.1582584997183667
file_brain_AXT2_210_6001524,image_gradient,"Image
gradient",deterministic,0.2886273658867978,0.27850985073773643,0.1907949871215293
file_brain_AXT2_210_6001651,image_gradient,"Image
gradient",deterministic,0.29162884828575175,0.2692961903566396,0.17384415740694292
file_brain_AXT2_210_6001906,image_gradient,"Image
gradient",deterministic,0.2568119722147226,0.2929559512885505,0.1511933857545431
file_brain_AXT2_210_6001941,image_gradient,"Image
gradient",deterministic,0.31725666383866935,0.3590234929938455,0.14462500402370781
file_brain_AXT2_200_2000080,intervention_magnitude,"Intervention
magnitude",deterministic,0.6182817302921678,0.44809120121352547,0.5218733436917729
file_brain_AXT2_200_2000175,intervention_magnitude,"Intervention
magnitude",deterministic,0.5650849928735826,0.4360641918948669,0.44013550780694644
file_brain_AXT2_200_2000360,intervention_magnitude,"Intervention
magnitude",deterministic,0.7091459973529916,0.5038260886837697,0.6537209168266234
file_brain_AXT2_200_2000362,intervention_magnitude,"Intervention
magnitude",deterministic,0.7507743254212063,0.46445667195963436,0.5744278107926717
file_brain_AXT2_200_6001972,intervention_magnitude,"Intervention
magnitude",deterministic,0.5757774624146704,0.45562724666135257,0.6475254938037236
file_brain_AXT2_200_6002111,intervention_magnitude,"Intervention
magnitude",deterministic,0.6841706131877289,0.39795235562194675,0.5156213618805138
file_brain_AXT2_200_6002151,intervention_magnitude,"Intervention
magnitude",deterministic,0.6733957081084987,0.4697089957551343,0.48668739575273495
file_brain_AXT2_200_6002242,intervention_magnitude,"Intervention
magnitude",deterministic,0.6563253433714168,0.5678853512792242,0.7532744510413104
file_brain_AXT2_200_6002524,intervention_magnitude,"Intervention
magnitude",deterministic,0.6131319251772,0.4176411676506022,0.5028120582837603
file_brain_AXT2_201_2010625,intervention_magnitude,"Intervention
magnitude",deterministic,0.6926349886974501,0.5446622322826559,0.7268218988050894
file_brain_AXT2_202_2020189,intervention_magnitude,"Intervention
magnitude",deterministic,0.6897751394253485,0.5520796793861287,0.7745799342122287
file_brain_AXT2_203_2030254,intervention_magnitude,"Intervention
magnitude",deterministic,0.6374440531649341,0.3931103259948655,0.37416538820076073
file_brain_AXT2_203_2030256,intervention_magnitude,"Intervention
magnitude",deterministic,0.614991060213335,0.3926769340913888,0.36808187221444133
file_brain_AXT2_203_2030354,intervention_magnitude,"Intervention
magnitude",deterministic,0.5888723555062776,0.3971257781584166,0.45528214034230585
file_brain_AXT2_205_6000022,intervention_magnitude,"Intervention
magnitude",deterministic,0.6506987620947384,0.4913498686953369,0.6830503414196614
file_brain_AXT2_207_2070039,intervention_magnitude,"Intervention
magnitude",deterministic,0.7399368407904974,0.421928073178206,0.47093924462417436
file_brain_AXT2_207_2070054,intervention_magnitude,"Intervention
magnitude",deterministic,0.7659513905585889,0.4509895710897457,0.5247166783891951
file_brain_AXT2_207_2070194,intervention_magnitude,"Intervention
magnitude",deterministic,0.7400015608166395,0.4130293923634829,0.45841269566228926
file_brain_AXT2_207_2070208,intervention_magnitude,"Intervention
magnitude",deterministic,0.7133081591108017,0.4015569385673248,0.4850842546558977
file_brain_AXT2_207_2070280,intervention_magnitude,"Intervention
magnitude",deterministic,0.6511541894221602,0.41057850317490957,0.45553947134534367
file_brain_AXT2_207_2070352,intervention_magnitude,"Intervention
magnitude",deterministic,0.6339503636595234,0.4481204693710782,0.5099051244906958
file_brain_AXT2_207_2070417,intervention_magnitude,"Intervention
magnitude",deterministic,0.5935225594297407,0.5532756472340531,0.7182778422296828
file_brain_AXT2_207_2070770,intervention_magnitude,"Intervention
magnitude",deterministic,0.648661380541681,0.3821458040245404,0.42799184156242487
file_brain_AXT2_207_2070777,intervention_magnitude,"Intervention
magnitude",deterministic,0.6863559722727842,0.48431196960088224,0.6044185645537687
file_brain_AXT2_207_2070822,intervention_magnitude,"Intervention
magnitude",deterministic,0.5836476041737643,0.5663375119386433,0.716408957825243
file_brain_AXT2_208_2080013,intervention_magnitude,"Intervention
magnitude",deterministic,0.6562970865158669,0.4262577021218996,0.5449741576583825
file_brain_AXT2_208_2080126,intervention_magnitude,"Intervention
magnitude",deterministic,0.6595269904247025,0.46858725653930033,0.5327850898945445
file_brain_AXT2_208_2080585,intervention_magnitude,"Intervention
magnitude",deterministic,0.6899815074521879,0.4079698314406767,0.45321811654608957
file_brain_AXT2_208_2080611,intervention_magnitude,"Intervention
magnitude",deterministic,0.7062636862831618,0.46308861474639373,0.509282421415625
file_brain_AXT2_209_6001384,intervention_magnitude,"Intervention
magnitude",deterministic,0.7513566255980944,0.48371725749911976,0.5913746259712138
file_brain_AXT2_209_6001459,intervention_magnitude,"Intervention
magnitude",deterministic,0.67324938250067,0.4993500343642993,0.6642890792729078
file_brain_AXT2_210_2100135,intervention_magnitude,"Intervention
magnitude",deterministic,0.6744963692223234,0.4839527992855477,0.5711185647292331
file_brain_AXT2_210_2100276,intervention_magnitude,"Intervention
magnitude",deterministic,0.667022568725911,0.47972596245226423,0.48508861496684985
file_brain_AXT2_210_2100288,intervention_magnitude,"Intervention
magnitude",deterministic,0.6314029269988459,0.502467141885694,0.516213577127135
file_brain_AXT2_210_2100306,intervention_magnitude,"Intervention
magnitude",deterministic,0.6731502306200849,0.4864943676436094,0.5612116736160566
file_brain_AXT2_210_2100368,intervention_magnitude,"Intervention
magnitude",deterministic,0.5920268744430165,0.4519077356431859,0.5200842664390941
file_brain_AXT2_210_6001524,intervention_magnitude,"Intervention
magnitude",deterministic,0.7017711705497149,0.4398049559335637,0.5544007148633388
file_brain_AXT2_210_6001651,intervention_magnitude,"Intervention
magnitude",deterministic,0.6743003982751914,0.4277224229866249,0.4812923680642017
file_brain_AXT2_210_6001906,intervention_magnitude,"Intervention
magnitude",deterministic,0.6117405210833975,0.46287150001515276,0.5609920385624082
file_brain_AXT2_210_6001941,intervention_magnitude,"Intervention
magnitude",deterministic,0.687724348816224,0.5367167018488422,0.5712683128814493
